Aaron Lehmann <alehmann@netflix.com>
Aaron Lehmann <alehmann@netflix.com> <aaron.lehmann@docker.com>
Akihiro Suda <akihiro.suda.cz@hco.ntt.co.jp>
Akihiro Suda <akihiro.suda.cz@hco.ntt.co.jp> <suda.kyoto@gmail.com>
Akihiro Suda <akihiro.suda.cz@hco.ntt.co.jp> <suda.akihiro@lab.ntt.co.jp>
Alexander Morozov <lk4d4math@gmail.com>
Alexander Morozov <lk4d4math@gmail.com> <lk4d4@docker.com>
Andrew Meredith <andymeredith@gmail.com>
Andrew Meredith <andymeredith@gmail.com> <kendru@users.noreply.github.com>
Andrii Soldatenko <andrii.soldatenko@gmail.com>
Andrii Soldatenko <andrii.soldatenko@gmail.com> <andrii.soldatenko@dynatrace.com>
Antonio Murdaca <antonio.murdaca@gmail.com>
Antonio Murdaca <antonio.murdaca@gmail.com> <amurdaca@redhat.com>
Antonio Murdaca <antonio.murdaca@gmail.com> <me@runcom.ninja>
Antonio Murdaca <antonio.murdaca@gmail.com> <runcom@linux.com>
Antonio Murdaca <antonio.murdaca@gmail.com> <runcom@redhat.com>
Antonio Murdaca <antonio.murdaca@gmail.com> <runcom@users.noreply.github.com>
baojiangnan <baojiangnan@meituan.com>
baojiangnan <baojiangnan@meituan.com> <baojn1998@163.com>
Brian Bland <brian.t.bland@gmail.com>
Brian Bland <brian.t.bland@gmail.com> <brian.bland@docker.com>
Brian Bland <brian.t.bland@gmail.com> <r4nd0m1n4t0r@gmail.com>
CrazyMax <github@crazymax.dev>
CrazyMax <github@crazymax.dev> <1951866+crazy-max@users.noreply.github.com>
CrazyMax <github@crazymax.dev> <crazy-max@users.noreply.github.com>
Daniel Nephin <dnephin@gmail.com>
Daniel Nephin <dnephin@gmail.com> <dnephin@docker.com>
David Karlsson <david.karlsson@docker.com>
David Karlsson <david.karlsson@docker.com> <35727626+dvdksn@users.noreply.github.com>
David Wu <dwu7401@gmail.com>
David Wu <dwu7401@gmail.com> <david.wu@docker.com>
Derek McGowan <derek@mcg.dev>
Derek McGowan <derek@mcg.dev> <derek@mcgstyle.net>
Doug Davis <dug@us.ibm.com>
Doug Davis <dug@us.ibm.com> <duglin@users.noreply.github.com>
Eric Yang <windfarer@gmail.com>
Eric Yang <windfarer@gmail.com> <qizhao.yang@daocloud.io>
Eric Yang <windfarer@gmail.com> <Windfarer@users.noreply.github.com>
Erica Windisch <erica@windisch.us>
Erica Windisch <erica@windisch.us> <eric@windisch.us>
Guillaume J. Charmes <charmes.guillaume@gmail.com>
Guillaume J. Charmes <charmes.guillaume@gmail.com> <guillaume.charmes@dotcloud.com>
Guillaume J. Charmes <charmes.guillaume@gmail.com> <guillaume@charmes.net>
Guillaume J. Charmes <charmes.guillaume@gmail.com> <guillaume@docker.com>
Guillaume J. Charmes <charmes.guillaume@gmail.com> <guillaume@dotcloud.com>
harche <p.harshal@gmail.com>
harche <p.harshal@gmail.com> <harche@users.noreply.github.com>
Jessica Frazelle <jess@oxide.computer>
Jessica Frazelle <jess@oxide.computer> <acidburn@docker.com>
Jessica Frazelle <jess@oxide.computer> <acidburn@google.com>
Jessica Frazelle <jess@oxide.computer> <acidburn@microsoft.com>
Jessica Frazelle <jess@oxide.computer> <jess@docker.com>
Jessica Frazelle <jess@oxide.computer> <jess@mesosphere.com>
Jessica Frazelle <jess@oxide.computer> <jessfraz@google.com>
Jessica Frazelle <jess@oxide.computer> <jfrazelle@users.noreply.github.com>
Jessica Frazelle <jess@oxide.computer> <me@jessfraz.com>
Jessica Frazelle <jess@oxide.computer> <princess@docker.com>
Joao Fernandes <joaofnfernandes@gmail.com>
Joao Fernandes <joaofnfernandes@gmail.com> <joao.fernandes@docker.com>
Johan Euphrosine <proppy@google.com>
Johan Euphrosine <proppy@google.com> <proppy@aminche.com>
John Howard <github@lowenna.com>
John Howard <github@lowenna.com> <jhoward@microsoft.com>
Josh Hawn <jlhawn@berkeley.edu>
Josh Hawn <jlhawn@berkeley.edu> <josh.hawn@docker.com>
Joyce Brum <joycebrumu.u@gmail.com>
Joyce Brum <joycebrumu.u@gmail.com> <joycebrum@google.com>
Justin Cormack <justin.cormack@docker.com>
Justin Cormack <justin.cormack@docker.com> <justin.cormack@unikernel.com>
Justin Cormack <justin.cormack@docker.com> <justin@specialbusservice.com>
Kirat Singh <kirat.singh@gmail.com>
Kirat Singh <kirat.singh@gmail.com> <kirat.singh@beacon.io>
Kirat Singh <kirat.singh@gmail.com> <kirat.singh@wsq.io>
Luca Bruno <lucab@debian.org>
Luca Bruno <lucab@debian.org> <luca.bruno@coreos.com>
Manish Tomar <manish.tomar@docker.com>
Manish Tomar <manish.tomar@docker.com> <manishtomar@users.noreply.github.com>
Maria Bermudez <bermudez.mt@gmail.com>
Maria Bermudez <bermudez.mt@gmail.com> <bermudezmt@users.noreply.github.com>
Matt Linville <matt@linville.me>
Matt Linville <matt@linville.me> <misty@apache.org>
Matt Linville <matt@linville.me> <misty@docker.com>
Michael Crosby <crosbymichael@gmail.com>
Michael Crosby <crosbymichael@gmail.com> <crosby.michael@gmail.com>
Michael Crosby <crosbymichael@gmail.com> <michael@crosbymichael.com>
Michael Crosby <crosbymichael@gmail.com> <michael@docker.com>
Michael Crosby <crosbymichael@gmail.com> <michael@thepasture.io>
Michal Minar <miminar@redhat.com>
Michal Minar <miminar@redhat.com> Michal Minář <miminar@redhat.com>
Mike Brown <brownwm@us.ibm.com>
Mike Brown <brownwm@us.ibm.com> <mikebrow@users.noreply.github.com>
Milos Gajdos <milosthegajdos@gmail.com>
Milos Gajdos <milosthegajdos@gmail.com> <1392526+milosgajdos@users.noreply.github.com>
Milos Gajdos <milosthegajdos@gmail.com> <milosgajdos83@gmail.com>
Nikita Tarasov <nikita@mygento.ru>
Nikita Tarasov <nikita@mygento.ru> <luckyraul@users.noreply.github.com>
Oleg Bulatov <oleg@bulatov.me>
Oleg Bulatov <oleg@bulatov.me> <obulatov@redhat.com>
Olivier Gambier <olivier@docker.com>
Olivier Gambier <olivier@docker.com> <dmp42@users.noreply.github.com>
Omer Cohen <git@omer.io>
Omer Cohen <git@omer.io> <git@omerc.net>
Per Lundberg <perlun@gmail.com>
Per Lundberg <perlun@gmail.com> <per.lundberg@ecraft.com>
Peter Dave Hello <hsu@peterdavehello.org>
Peter Dave Hello <hsu@peterdavehello.org> <PeterDaveHello@users.noreply.github.com>
Phil Estes <estesp@gmail.com>
Phil Estes <estesp@gmail.com> <estesp@amazon.com>
Phil Estes <estesp@gmail.com> <estesp@linux.vnet.ibm.com>
Richard Scothern <richard.scothern@gmail.com>
Richard Scothern <richard.scothern@gmail.com> <richard.scothern@docker.com>
Rober Morales-Chaparro <rober.morales@rstor.io>
Rober Morales-Chaparro <rober.morales@rstor.io> <rober@rstor.io>
Sharif Nassar <sharif@mrwacky.com>
Sharif Nassar <sharif@mrwacky.com> <mrwacky42@users.noreply.github.com>
Sebastiaan van Stijn <github@gone.nl>
Sebastiaan van Stijn <github@gone.nl> <moby@example.com>
Sebastiaan van Stijn <github@gone.nl> <sebastiaan@ws-key-sebas3.dpi1.dpi>
Sebastiaan van Stijn <github@gone.nl> <thaJeztah@users.noreply.github.com>
Joffrey F <joffrey@docker.com>
Joffrey F <joffrey@docker.com> <f.joffrey@gmail.com>
Joffrey F <joffrey@docker.com> <joffrey@dotcloud.com>
Solomon Hykes <solomon@dagger.io>
Solomon Hykes <solomon@dagger.io> <s@docker.com>
Solomon Hykes <solomon@dagger.io> <solomon.hykes@dotcloud.com>
Solomon Hykes <solomon@dagger.io> <solomon@docker.com>
Solomon Hykes <solomon@dagger.io> <solomon@dotcloud.com>
Stephen Day <stevvooe@gmail.com>
Stephen Day <stevvooe@gmail.com> <stephen.day@docker.com>
Stephen Day <stevvooe@gmail.com> <stevvooe@users.noreply.github.com>
Sven Dowideit <SvenDowideit@home.org.au>
Sven Dowideit <SvenDowideit@home.org.au> <SvenDowideit@users.noreply.github.com>
Tibor Vass <teabee89@gmail.com>
Tibor Vass <teabee89@gmail.com> <tibor@docker.com>
Tibor Vass <teabee89@gmail.com> <tiborvass@users.noreply.github.com>
Cristian Staretu <cristian.staretu@gmail.com>
Cristian Staretu <cristian.staretu@gmail.com> <unclejack@users.noreply.github.com>
Cristian Staretu <cristian.staretu@gmail.com> <unclejacksons@gmail.com>
Victor Vieux <victorvieux@gmail.com>
Victor Vieux <victorvieux@gmail.com> <dev@vvieux.com>
Victor Vieux <victorvieux@gmail.com> <victor.vieux@docker.com>
Victor Vieux <victorvieux@gmail.com> <victor.vieux@dotcloud.com>
Victor Vieux <victorvieux@gmail.com> <victor@docker.com>
Victor Vieux <victorvieux@gmail.com> <victor@dotcloud.com>
Victor Vieux <victorvieux@gmail.com> <victorvieux@gmail.com>
Victor Vieux <victorvieux@gmail.com> <vieux@docker.com>
Victoria Bialas <victoria.bialas@docker.com>
Victoria Bialas <victoria.bialas@docker.com> <londoncalling@users.noreply.github.com>
Vincent Batts <vbatts@redhat.com>
Vincent Batts <vbatts@redhat.com> <vbatts@hashbangbash.com>
Vincent Demeester <vincent.demeester@docker.com>
Vincent Demeester <vincent.demeester@docker.com> <vincent+github@demeester.fr>
Vincent Demeester <vincent.demeester@docker.com> <vincent@demeester.fr>
Vincent Demeester <vincent.demeester@docker.com> <vincent@sbr.pm>
Vincent Giersch <vincent@giersch.fr>
Vincent Giersch <vincent@giersch.fr> <vincent.giersch@ovh.net>
Wen-Quan Li <legendarilylwq@gmail.com>
Wen-Quan Li <legendarilylwq@gmail.com> <wenquan.li@hp.com>
Wen-Quan Li <legendarilylwq@gmail.com> <wenquan.li@hpe.com>
Yu Wang <yuwa@microsoft.com>
Yu Wang <yuwa@microsoft.com> Yu Wang (UC) <yuwa@microsoft.com>
